,party_rk,auto_year,age,children_cnt,person_monthly_income_amt
count,97307.0,97306.0,97298.0,85578.0,83832.0
mean,544917286.6224629,2013.2585452079009,37.61017698205513,0.15886092219963074,10543.429800076343
std,307622736.8075721,6.1358107428160995,10.598193706694735,0.5321640633366073,3001781.243553408
min,118.0,1910.0,4.0,0.0,0.0
25%,272461730.5,2009.0,30.0,0.0,70.0
50%,545308051.0,2013.0,37.0,0.0,115.0
75%,785626273.5,2018.0,44.0,0.0,200.0
max,1228627783.0,2024.0,88.0,9.0,869128596.0
