region,engine_power
Москва,180.9148817242608
Московская область,167.75991516575306
Санкт-Петербург,176.6140503063528
