,party_rk,engine_power,auto_year,age,children_cnt,person_monthly_income_amt
count,97301.0,97301.0,97300.0,97292.0,85574.0,83826.0
mean,544895676.726601,161.53322997708145,2013.2585714285715,37.61047157011882,0.15886834786266857,10544.158339894544
std,307611530.04056036,79.59062253348091,6.135849243679016,10.59833053863332,0.532175392464524,3001888.670680932
min,118.0,0.0,1910.0,4.0,0.0,0.0
25%,272446219.0,107.0,2009.0,30.0,0.0,70.0
50%,545307557.0,145.0,2013.0,37.0,0.0,115.0
75%,785592157.0,190.0,2018.0,44.0,0.0,200.0
max,1228627783.0,1770.0,2024.0,88.0,9.0,869128596.0
