region,above_mean,below_mean
Москва,58.89692003130611,54.805381165919286
Московская область,28.40108650614613,32.843049327354265
Санкт-Петербург,12.701993462547764,12.351569506726458
